{"0": [-0.06261971704218083, 0.10915368336345788], "1": [0.2393301023544919, -0.07533697911913803], "2": [0.22600598622592824, 0.07495663957176028], "3": [0.1952716796989402, -0.2289839112300919], "4": [0.35857849344072523, -0.12800792510219167], "5": [0.3113690087462961, -0.017154021831657696], "6": [0.41679653333996214, 0.0031083843157328436], "7": [0.47432857962341657, -0.09058447602297828], "8": [0.6733429248267855, -0.06593462166137092], "9": [0.6578461082289923, -0.14205063812432378], "10": [0.44578602667696604, -0.1805602492879929], "11": [0.3704596268343976, 0.05054495812990113], "12": [0.24241225913577194, 0.22119308292482429], "13": [0.47114322838774375, 0.10358162332193764], "14": [0.10974480485100228, -0.08948137475145683], "15": [0.5928588928871056, 0.0009390928881723934], "16": [0.3932764879104482, -0.23193650731373153], "17": [0.4675197269998564, 0.32476200650739934], "18": [0.031232438073514307, -0.17915675708658746], "19": [0.17072663417411144, -0.12340923532741761], "20": [-0.12744156301863296, -0.15631397367989275], "21": [-0.07376403376187231, -0.13482770020892557], "22": [-0.194150803489169, -0.0158373139511056], "23": [-0.08415029672471747, -0.07627690537046457], "24": [-0.07139288738265585, 0.05742953290547276], "25": [-0.3698633404882652, 0.0900655659644733], "26": [0.4459749048399215, 0.03465040655878309], "27": [0.12380597284137336, -0.040454643079399444], "28": [0.014973885191709464, -0.07607626925631387], "29": [0.1699364003591059, 0.17789553163622002], "30": [0.206657854414183, -0.0047521012441641775], "31": [0.03118333579953144, 0.1488291569677235], "32": [-0.16026774133980715, -0.3254011631789383], "33": [0.22864576158737704, -0.021095939804739554], "34": [0.5436563024996269, 0.09524859898955275], "35": [0.5578132122136537, -0.05265044256379126], "36": [0.0884562756658117, -0.1726756943393555], "37": [0.3290421040354961, 0.1164764142211959], "38": [-0.025148886872222574, -0.23692696898026938], "39": [0.04348610158036888, -0.11175897145206592], "40": [0.06884244804824453, -0.06312328631753698], "41": [0.37504246185981455, -0.04406745329208228], "42": [0.28563159614334, 0.0759254051770891], "43": [0.2706842193464152, 0.1369036988534571], "44": [0.15254050990645923, 0.09014408098574744], "45": [0.455913667319294, -0.059563409330787506], "46": [-0.043964265471235886, -0.14839959964080465], "47": [0.3344371935913772, -0.07087581046288927], "48": [-0.047906404077625905, 0.18771116339061658], "49": [0.29076889851064225, 0.17321086391486837], "50": [0.4137031989222915, 0.1732858063241652], "51": [-0.07700236448716134, -0.3119065613400703], "52": [-0.17441604363740446, -0.37928425000864524], "53": [0.03831473522609796, -0.5100728205026566], "54": [0.09896176360593835, 0.13134963322838397], "55": [-0.12677695427110042, 0.22675588264722307], "56": [-0.00959701696950756, 0.1280535404571762], "57": [0.06055987588283323, 0.197608156569082], "58": [-0.13887270122954326, 0.40651216435028237], "59": [-0.08988981735851959, 0.4801913093877357], "60": [0.5823093004850887, 0.18011478787204463], "61": [0.4069217376237692, 0.2338649361898857], "62": [0.5241575207475156, 0.19876413686450997], "63": [0.6337863565223962, -0.0013093734373639478], "64": [0.40763941692074385, 0.12190303747288], "65": [0.1788033673112499, 0.3463153662340828], "66": [0.0965720970137615, 0.48605128157796135], "67": [-0.17834882659727785, -0.5656105698722993], "68": [0.3555948198407309, -0.4798825219220402], "69": [-0.5136270602445832, -0.9396364441776212], "70": [0.0854532114489271, -0.4215686216417136], "71": [0.31973997549104627, -0.31218072831401056], "72": [-0.049486182825570754, -0.048980367494326715], "73": [0.11226749284200287, -0.6478958473741961], "74": [0.06590986270331933, 0.07559734826422966], "75": [0.43264071646974733, 0.1050861852518608], "76": [0.04487331933956754, 0.38974099292533027], "77": [0.27308903263926065, 0.3192067221075446], "78": [0.5518732290011937, 0.4820107688804834], "79": [-0.06586546214397965, -0.22051056145130818], "80": [-0.13890212360212248, -0.2695569066897362], "81": [-0.16915324901537002, -0.24936449470450114], "82": [0.5289542513221303, 0.0025714281024792384], "83": [-0.07331872640653946, -0.18549218577657148], "84": [-0.23214326906055802, -0.19651719325801445], "85": [0.7238602076288791, -0.7432372789965845], "86": [0.1214972662122932, 0.28219512154077814], "87": [-0.5436863362810408, -0.6122734784647199], "88": [-0.06526322263797263, -0.5830310446006118], "89": [0.32281847363910643, 0.2295609751802625], "90": [0.40808657722045133, 0.4173429497486332], "91": [0.2997173568347289, -0.6735923482004258], "92": [-0.20803873219476252, -0.8833000174952221], "93": [-0.3264551693476228, -0.2390974856527578], "94": [-0.3509934682279516, -0.19675577243454684], "95": [0.18479150143888265, -0.18261064732654778], "96": [-0.1400064469478887, -0.014835433806297767], "97": [-0.1533366042111599, -0.05158920530090174], "98": [-0.29684734338012236, -0.33372862076158694], "99": [-0.3296918624080596, -0.1110375546860562], "100": [-0.45216568795531237, -0.2989331851824458], "101": [-0.44956769207416747, -0.3359521504439006], "102": [-0.3753983016042359, -0.3387265844914412], "103": [-0.4470585021299574, -0.393041077102178], "104": [-0.5100443237724566, -0.20542136458764157], "105": [-0.5247133360896646, -0.29336207607409226], "106": [-0.2768484983444868, -0.15282918252944097], "107": [-0.43016591595757103, -0.2590287906430234], "108": [-0.677304393986028, 0.3845705035943464], "109": [-0.49215940538040326, 0.20164054142492976], "110": [-0.12034249415817816, 0.016046392860675836], "111": [-0.7620883085602632, 0.32199323888527326], "112": [-0.7155205418829194, 0.178193090912956], "113": [0.35162777671057616, 0.4606398401260194], "114": [-0.4802466375345268, -0.03068269927509744], "115": [0.20161221739219526, -0.35104323276773136], "116": [-1.0525650543722491, 0.3997276328558192], "117": [-1.192737612399605, 0.2583859533125062], "118": [-0.848196279138937, 0.40995083332263127], "119": [-0.029577894321650554, 0.34791343136655584], "120": [0.22039454213944049, 0.5713335433456831], "121": [0.09814001126890357, 0.3708258997158272], "122": [-0.6115804974299072, -0.4492171295785785], "123": [-0.608886307166895, -0.30993587130584166], "124": [-0.3092668106563278, -0.08438786672153606], "125": [0.19429052115591433, 0.28166967359155365], "126": [0.4908841977892397, 0.44336797153961166], "127": [0.3116287776884776, 0.5734154493435083], "128": [0.7009451802576415, 0.1953855051732324], "129": [0.6327318775602523, 0.3218264182257452], "130": [-0.1907262246475108, 0.22871407175285954], "131": [-0.597079678213195, 0.23111871733095712], "132": [-0.4888346072265353, 0.2674428292921239], "133": [-0.9639261391820454, 0.3003864020161357], "134": [-0.9062966081852272, 0.3471419199018253], "135": [-0.4890140222349016, 0.5018856518229605], "136": [-0.0023687318695732626, 0.21882051457396745], "137": [0.27747014380808804, 0.4579942268071522], "138": [0.3148687151466133, -0.14055952976801916], "139": [-1.2026837719968007, 0.38290731793344546], "140": [-0.8709369175696074, 0.491352584544454], "141": [-1.1423231542261876, 0.3201908418366656]}